Example,Time (days),Filter,Magnitude,Uncertainty
1,0.1,ztfg,26.329954,0.19149366
1,0.1,ztfr,26.87544,0.15841776
1,0.1,ztfi,27.680798,0.14064123
1,0.2985714285714286,ztfg,24.691631,0.17163877
1,0.2985714285714286,ztfr,24.729324,0.17570023
1,0.2985714285714286,ztfi,25.522377,0.18879077
1,0.4971428571428571,ztfg,23.984735,0.17808509
1,0.4971428571428571,ztfr,23.778402,0.19179468
1,0.4971428571428571,ztfi,24.654142,0.1883256
1,0.6957142857142856,ztfg,23.799477,0.17421266
1,0.6957142857142856,ztfr,23.036055,0.19877982
1,0.6957142857142856,ztfi,24.356417,0.19204567
1,0.8942857142857142,ztfg,23.385359,0.16898444
1,0.8942857142857142,ztfr,23.300234,0.19818349
1,0.8942857142857142,ztfi,24.094702,0.19325627
1,1.092857142857143,ztfg,23.56834,0.16584429
1,1.092857142857143,ztfr,23.242992,0.19955583
1,1.092857142857143,ztfi,23.952938,0.18674259
1,1.2914285714285714,ztfg,23.81803,0.1623066
1,1.2914285714285714,ztfr,23.296255,0.20085123
1,1.2914285714285714,ztfi,24.136578,0.18843663
1,1.49,ztfg,23.904112,0.16159289
1,1.49,ztfr,23.411528,0.19344483
1,1.49,ztfi,24.01033,0.18785793
1,1.6885714285714286,ztfg,24.234879,0.1665718
1,1.6885714285714286,ztfr,23.39153,0.18844324
1,1.6885714285714286,ztfi,23.940838,0.19059211
1,1.8871428571428572,ztfg,24.693825,0.17220359
1,1.8871428571428572,ztfr,23.748222,0.19151504
1,1.8871428571428572,ztfi,24.040623,0.18603617
1,2.085714285714286,ztfg,24.974667,0.17642497
1,2.085714285714286,ztfr,23.979643,0.19224192
1,2.085714285714286,ztfi,23.93405,0.1804137
1,2.2842857142857143,ztfg,25.30608,0.17165588
1,2.2842857142857143,ztfr,24.372784,0.18625326
1,2.2842857142857143,ztfi,24.079885,0.18865508
1,2.4828571428571427,ztfg,25.672054,0.18534875
1,2.4828571428571427,ztfr,24.40177,0.18903902
1,2.4828571428571427,ztfi,24.248402,0.19384004
1,2.6814285714285715,ztfg,25.786636,0.18532515
1,2.6814285714285715,ztfr,24.674458,0.18962276
1,2.6814285714285715,ztfi,24.415867,0.19417244
1,2.88,ztfg,26.149698,0.1909621
1,2.88,ztfr,24.792171,0.19623402
1,2.88,ztfi,24.745802,0.19079745
1,3.0785714285714287,ztfg,26.598354,0.19553654
1,3.0785714285714287,ztfr,25.162037,0.19427505
1,3.0785714285714287,ztfi,24.66895,0.18935783
1,3.277142857142857,ztfg,26.728197,0.19795774
1,3.277142857142857,ztfr,25.276337,0.19175766
1,3.277142857142857,ztfi,24.673235,0.19803798
1,3.4757142857142855,ztfg,27.107475,0.19712566
1,3.4757142857142855,ztfr,25.38662,0.18950681
1,3.4757142857142855,ztfi,25.031794,0.2014072
1,3.6742857142857144,ztfg,27.185125,0.19693547
1,3.6742857142857144,ztfr,25.645798,0.19233769
1,3.6742857142857144,ztfi,24.923159,0.19526543
1,3.8728571428571428,ztfg,27.53812,0.19634743
1,3.8728571428571428,ztfr,25.840195,0.19112882
1,3.8728571428571428,ztfi,25.266909,0.19869533
1,4.071428571428571,ztfg,27.94084,0.19862248
1,4.071428571428571,ztfr,26.06971,0.19436084
1,4.071428571428571,ztfi,25.507683,0.19637126
1,4.27,ztfg,28.099615,0.20364544
1,4.27,ztfr,26.116747,0.1975385
1,4.27,ztfi,25.303612,0.20399636
1,4.468571428571428,ztfg,28.35396,0.20634261
1,4.468571428571428,ztfr,26.242256,0.19785027
1,4.468571428571428,ztfi,25.687328,0.20359462
1,4.667142857142856,ztfg,28.330086,0.20687042
1,4.667142857142856,ztfr,26.445312,0.1973805
1,4.667142857142856,ztfi,25.657066,0.20457184
1,4.865714285714285,ztfg,28.517193,0.19985226
1,4.865714285714285,ztfr,26.472586,0.19975917
1,4.865714285714285,ztfi,25.926434,0.20304202
1,5.064285714285714,ztfg,28.862621,0.20732331
1,5.064285714285714,ztfr,26.827492,0.19313735
1,5.064285714285714,ztfi,26.138178,0.21133225
1,5.2628571428571425,ztfg,28.973473,0.19856893
1,5.2628571428571425,ztfr,26.918936,0.20333464
1,5.2628571428571425,ztfi,26.021841,0.20594463
1,5.461428571428571,ztfg,29.231348,0.19657075
1,5.461428571428571,ztfr,27.033907,0.19612502
1,5.461428571428571,ztfi,25.976288,0.21106464
1,5.659999999999999,ztfg,29.362099,0.19603042
1,5.659999999999999,ztfr,27.229656,0.19949296
1,5.659999999999999,ztfi,26.149302,0.20339651
1,5.858571428571428,ztfg,29.517122,0.19824563
1,5.858571428571428,ztfr,27.131733,0.19766416
1,5.858571428571428,ztfi,26.34034,0.2115833
1,6.057142857142857,ztfg,29.621206,0.19205293
1,6.057142857142857,ztfr,27.365448,0.1985783
1,6.057142857142857,ztfi,26.488358,0.21274674
1,6.255714285714285,ztfg,29.96491,0.18717876
1,6.255714285714285,ztfr,27.56267,0.19065696
1,6.255714285714285,ztfi,26.5633,0.20672111
1,6.454285714285714,ztfg,29.929228,0.18841346
1,6.454285714285714,ztfr,27.593964,0.20175244
1,6.454285714285714,ztfi,26.633047,0.20983934
1,6.652857142857142,ztfg,30.009605,0.1901155
1,6.652857142857142,ztfr,27.772818,0.19863836
1,6.652857142857142,ztfi,26.85852,0.21725053
1,6.8514285714285705,ztfg,30.489113,0.20006928
1,6.8514285714285705,ztfr,27.948246,0.19120145
1,6.8514285714285705,ztfi,26.827753,0.21479613
1,7.05,ztfg,30.34722,0.19164963
1,7.05,ztfr,28.253237,0.19315097
1,7.05,ztfi,26.98145,0.20623073
1,7.248571428571428,ztfg,30.635298,0.18484387
1,7.248571428571428,ztfr,28.078428,0.19961165
1,7.248571428571428,ztfi,26.930016,0.20992385
1,7.447142857142857,ztfg,30.568647,0.18291044
1,7.447142857142857,ztfr,28.234184,0.19883616
1,7.447142857142857,ztfi,27.284267,0.20796752
1,7.645714285714285,ztfg,30.749481,0.18269639
1,7.645714285714285,ztfr,28.392525,0.19696514
1,7.645714285714285,ztfi,27.168064,0.210936
1,7.844285714285713,ztfg,31.0022,0.17912881
1,7.844285714285713,ztfr,28.302162,0.19950384
1,7.844285714285713,ztfi,27.200893,0.21160685
1,8.042857142857143,ztfg,31.171646,0.17809755
1,8.042857142857143,ztfr,28.643497,0.20128094
1,8.042857142857143,ztfi,27.10479,0.2075493
1,8.241428571428571,ztfg,31.311853,0.17096096
1,8.241428571428571,ztfr,28.731018,0.19008279
1,8.241428571428571,ztfi,27.511263,0.21813112
1,8.44,ztfg,31.377892,0.18094282
1,8.44,ztfr,29.131899,0.20284903
1,8.44,ztfi,27.454428,0.20493463
1,8.638571428571428,ztfg,31.455486,0.17555472
1,8.638571428571428,ztfr,28.920528,0.20005943
1,8.638571428571428,ztfi,27.658411,0.21174596
1,8.837142857142856,ztfg,31.393911,0.17854266
1,8.837142857142856,ztfr,29.118427,0.20144796
1,8.837142857142856,ztfi,27.71441,0.21012524
1,9.035714285714285,ztfg,31.653603,0.17428453
1,9.035714285714285,ztfr,29.076582,0.19835712
1,9.035714285714285,ztfi,27.736403,0.20364228
1,9.234285714285713,ztfg,31.884132,0.17546605
1,9.234285714285713,ztfr,29.091833,0.19849285
1,9.234285714285713,ztfi,27.706884,0.20619947
1,9.432857142857141,ztfg,32.205254,0.1709685
1,9.432857142857141,ztfr,29.468744,0.19334656
1,9.432857142857141,ztfi,27.730968,0.20167701
1,9.63142857142857,ztfg,32.26419,0.17332475
1,9.63142857142857,ztfr,29.465643,0.19975123
1,9.63142857142857,ztfi,27.912323,0.2056837
1,9.83,ztfg,32.133675,0.16951637
1,9.83,ztfr,29.589111,0.20137149
1,9.83,ztfi,28.120419,0.2041799
1,10.028571428571428,ztfg,32.311935,0.16801277
1,10.028571428571428,ztfr,29.504602,0.1913893
1,10.028571428571428,ztfi,28.143698,0.20205104
1,10.227142857142857,ztfg,32.522354,0.16400714
1,10.227142857142857,ztfr,29.799088,0.20034719
1,10.227142857142857,ztfi,27.9546,0.20414333
1,10.425714285714285,ztfg,32.59854,0.16467129
1,10.425714285714285,ztfr,29.647799,0.19085939
1,10.425714285714285,ztfi,28.21413,0.2079657
1,10.624285714285714,ztfg,32.839596,0.16489184
1,10.624285714285714,ztfr,29.901833,0.19787967
1,10.624285714285714,ztfi,28.43983,0.21601309
1,10.822857142857142,ztfg,33.078472,0.1733628
1,10.822857142857142,ztfr,30.222776,0.19543831
1,10.822857142857142,ztfi,28.350693,0.20117082
1,11.02142857142857,ztfg,33.138702,0.16170844
1,11.02142857142857,ztfr,29.970642,0.19305813
1,11.02142857142857,ztfi,28.496021,0.20765613
1,11.219999999999999,ztfg,33.049267,0.16544157
1,11.219999999999999,ztfr,30.08674,0.1952669
1,11.219999999999999,ztfi,28.598648,0.20720819
1,11.418571428571427,ztfg,33.30615,0.16704872
1,11.418571428571427,ztfr,30.308395,0.20578487
1,11.418571428571427,ztfi,28.503098,0.20931584
1,11.617142857142856,ztfg,33.431156,0.16272967
1,11.617142857142856,ztfr,30.287832,0.19373985
1,11.617142857142856,ztfi,28.627487,0.20583488
1,11.815714285714286,ztfg,33.693172,0.15945713
1,11.815714285714286,ztfr,30.233427,0.19874619
1,11.815714285714286,ztfi,28.766928,0.20571558
1,12.014285714285714,ztfg,33.564495,0.16421919
1,12.014285714285714,ztfr,30.575834,0.19499771
1,12.014285714285714,ztfi,28.918379,0.19902474
1,12.212857142857143,ztfg,33.642506,0.16209304
1,12.212857142857143,ztfr,30.481298,0.19067119
1,12.212857142857143,ztfi,29.021336,0.21413732
1,12.411428571428571,ztfg,33.679695,0.16217571
1,12.411428571428571,ztfr,30.658106,0.19970149
1,12.411428571428571,ztfi,28.827105,0.20712738
1,12.61,ztfg,33.84302,0.16337247
1,12.61,ztfr,30.67615,0.19538622
1,12.61,ztfi,28.92285,0.20550898
1,12.808571428571428,ztfg,34.165966,0.1587027
1,12.808571428571428,ztfr,30.973667,0.20202503
1,12.808571428571428,ztfi,29.148668,0.20924208
1,13.007142857142856,ztfg,34.33487,0.15484285
1,13.007142857142856,ztfr,30.823935,0.19769463
1,13.007142857142856,ztfi,29.17782,0.20532237
1,13.205714285714285,ztfg,34.206856,0.16229211
1,13.205714285714285,ztfr,30.958538,0.19787313
1,13.205714285714285,ztfi,29.248957,0.200803
1,13.404285714285713,ztfg,34.506798,0.15837863
1,13.404285714285713,ztfr,31.252413,0.19652294
1,13.404285714285713,ztfi,29.59535,0.20621452
1,13.602857142857141,ztfg,34.58211,0.16092825
1,13.602857142857141,ztfr,31.066746,0.20169632
1,13.602857142857141,ztfi,29.300344,0.2114043
1,13.80142857142857,ztfg,34.50061,0.16361444
1,13.80142857142857,ztfr,31.291721,0.19890189
1,13.80142857142857,ztfi,29.45199,0.20876093
1,14.0,ztfg,34.778034,0.15659568
1,14.0,ztfr,31.51836,0.19555451
1,14.0,ztfi,29.568811,0.20862475
2,0.1,ztfg,25.911303,0.233696
2,0.1,ztfr,25.016905,0.18678048
2,0.1,ztfi,24.825071,0.15021677
2,0.2985714285714286,ztfg,22.305038,0.19483884
2,0.2985714285714286,ztfr,21.803122,0.20540981
2,0.2985714285714286,ztfi,22.178064,0.19986193
2,0.4971428571428571,ztfg,21.454018,0.19608732
2,0.4971428571428571,ztfr,21.122742,0.21421629
2,0.4971428571428571,ztfi,20.957003,0.21241915
2,0.6957142857142856,ztfg,21.229324,0.19233327
2,0.6957142857142856,ztfr,20.40748,0.21556497
2,0.6957142857142856,ztfi,20.676971,0.20826438
2,0.8942857142857142,ztfg,21.178799,0.1851518
2,0.8942857142857142,ztfr,20.574791,0.21020837
2,0.8942857142857142,ztfi,20.258501,0.20733619
2,1.092857142857143,ztfg,21.136305,0.18300487
2,1.092857142857143,ztfr,20.487123,0.2174554
2,1.092857142857143,ztfi,20.268312,0.203939
2,1.2914285714285714,ztfg,21.626514,0.17607711
2,1.2914285714285714,ztfr,20.42625,0.21728034
2,1.2914285714285714,ztfi,20.40709,0.20463824
2,1.49,ztfg,21.879126,0.1776612
2,1.49,ztfr,20.683355,0.21396016
2,1.49,ztfi,20.461302,0.20829974
2,1.6885714285714286,ztfg,21.93771,0.18060194
2,1.6885714285714286,ztfr,20.643473,0.21253233
2,1.6885714285714286,ztfi,20.586018,0.20360638
2,1.8871428571428572,ztfg,22.30635,0.18359241
2,1.8871428571428572,ztfr,21.027336,0.21081151
2,1.8871428571428572,ztfi,20.595419,0.20530948
2,2.085714285714286,ztfg,22.508305,0.1907264
2,2.085714285714286,ztfr,21.283794,0.20636064
2,2.085714285714286,ztfi,20.753801,0.20370358
2,2.2842857142857143,ztfg,22.765064,0.18941629
2,2.2842857142857143,ztfr,21.690716,0.20384862
2,2.2842857142857143,ztfi,21.009615,0.20634216
2,2.4828571428571427,ztfg,23.178923,0.19352438
2,2.4828571428571427,ztfr,21.650684,0.20389238
2,2.4828571428571427,ztfi,21.172361,0.20389126
2,2.6814285714285715,ztfg,23.218174,0.19840972
2,2.6814285714285715,ztfr,21.803524,0.21100749
2,2.6814285714285715,ztfi,21.059767,0.21256521
2,2.88,ztfg,23.498297,0.20037846
2,2.88,ztfr,22.183296,0.20492452
2,2.88,ztfi,21.50556,0.21045107
2,3.0785714285714287,ztfg,23.789404,0.2099541
2,3.0785714285714287,ztfr,22.454798,0.20526236
2,3.0785714285714287,ztfi,21.57995,0.21044789
2,3.277142857142857,ztfg,24.07231,0.21017641
2,3.277142857142857,ztfr,22.614204,0.20492935
2,3.277142857142857,ztfi,21.573868,0.21257688
2,3.4757142857142855,ztfg,24.460575,0.20741284
2,3.4757142857142855,ztfr,22.712034,0.20137395
2,3.4757142857142855,ztfi,21.916567,0.21719322
2,3.6742857142857144,ztfg,24.552786,0.20675874
2,3.6742857142857144,ztfr,23.044476,0.20376605
2,3.6742857142857144,ztfi,21.96139,0.21013069
2,3.8728571428571428,ztfg,24.609848,0.21227561
2,3.8728571428571428,ztfr,23.106298,0.20607823
2,3.8728571428571428,ztfi,22.212317,0.21299142
2,4.071428571428571,ztfg,25.179386,0.20874482
2,4.071428571428571,ztfr,23.36743,0.20524701
2,4.071428571428571,ztfi,22.281492,0.21663484
2,4.27,ztfg,25.072504,0.2181354
2,4.27,ztfr,23.278608,0.20723811
2,4.27,ztfi,22.323788,0.2149877
2,4.468571428571428,ztfg,25.268185,0.2169383
2,4.468571428571428,ztfr,23.504686,0.20544903
2,4.468571428571428,ztfi,22.544468,0.21639507
2,4.667142857142856,ztfg,25.352377,0.21560644
2,4.667142857142856,ztfr,23.646828,0.20556329
2,4.667142857142856,ztfi,22.775232,0.21817797
2,4.865714285714285,ztfg,25.725965,0.20705517
2,4.865714285714285,ztfr,23.689808,0.2085639
2,4.865714285714285,ztfi,22.749792,0.21987315
2,5.064285714285714,ztfg,25.941795,0.21542987
2,5.064285714285714,ztfr,23.951988,0.20788287
2,5.064285714285714,ztfi,22.99703,0.21723755
2,5.2628571428571425,ztfg,25.85773,0.21569423
2,5.2628571428571425,ztfr,24.166632,0.2083366
2,5.2628571428571425,ztfi,22.8763,0.21974054
2,5.461428571428571,ztfg,26.274061,0.21047117
2,5.461428571428571,ztfr,24.308546,0.20563616
2,5.461428571428571,ztfi,23.099836,0.2171082
2,5.659999999999999,ztfg,26.238012,0.21445942
2,5.659999999999999,ztfr,24.28985,0.21202037
2,5.659999999999999,ztfi,23.129377,0.21840091
2,5.858571428571428,ztfg,26.469116,0.20826526
2,5.858571428571428,ztfr,24.432667,0.20795408
2,5.858571428571428,ztfi,23.14565,0.22544003
2,6.057142857142857,ztfg,26.623983,0.20687386
2,6.057142857142857,ztfr,24.600122,0.20478575
2,6.057142857142857,ztfi,23.370966,0.22029981
2,6.255714285714285,ztfg,27.101755,0.20191567
2,6.255714285714285,ztfr,24.695305,0.20700921
2,6.255714285714285,ztfi,23.611961,0.21718809
2,6.454285714285714,ztfg,27.080418,0.20198114
2,6.454285714285714,ztfr,24.838854,0.20707108
2,6.454285714285714,ztfi,23.6564,0.21709073
2,6.652857142857142,ztfg,27.076996,0.1992254
2,6.652857142857142,ztfr,24.988909,0.20537831
2,6.652857142857142,ztfi,23.744436,0.22528782
2,6.8514285714285705,ztfg,27.297733,0.2099728
2,6.8514285714285705,ztfr,25.196417,0.20360154
2,6.8514285714285705,ztfi,23.73487,0.22375862
2,7.05,ztfg,27.328337,0.2029675
2,7.05,ztfr,25.456512,0.20492251
2,7.05,ztfi,24.130861,0.21623906
2,7.248571428571428,ztfg,27.632746,0.19852659
2,7.248571428571428,ztfr,25.473686,0.20803107
2,7.248571428571428,ztfi,23.994051,0.2186541
2,7.447142857142857,ztfg,27.56081,0.19957343
2,7.447142857142857,ztfr,25.576155,0.20751
2,7.447142857142857,ztfi,24.448572,0.21968448
2,7.645714285714285,ztfg,27.755836,0.19842657
2,7.645714285714285,ztfr,25.491226,0.20770164
2,7.645714285714285,ztfi,24.344166,0.21851648
2,7.844285714285713,ztfg,28.170763,0.19517547
2,7.844285714285713,ztfr,25.426224,0.20685399
2,7.844285714285713,ztfi,24.12513,0.2200096
2,8.042857142857143,ztfg,28.324831,0.1894262
2,8.042857142857143,ztfr,25.718624,0.20792525
2,8.042857142857143,ztfi,24.314177,0.21787134
2,8.241428571428571,ztfg,28.38047,0.19179238
2,8.241428571428571,ztfr,25.832602,0.2074446
2,8.241428571428571,ztfi,24.445545,0.22425988
2,8.44,ztfg,28.532234,0.18876581
2,8.44,ztfr,26.187403,0.2138836
2,8.44,ztfi,24.53448,0.21783157
2,8.638571428571428,ztfg,28.71314,0.18957415
2,8.638571428571428,ztfr,26.067636,0.21131162
2,8.638571428571428,ztfi,24.663185,0.22164668
2,8.837142857142856,ztfg,28.818623,0.18665141
2,8.837142857142856,ztfr,26.1511,0.20938392
2,8.837142857142856,ztfi,24.711582,0.21833956
2,9.035714285714285,ztfg,28.911226,0.18782793
2,9.035714285714285,ztfr,26.29262,0.2057588
2,9.035714285714285,ztfi,24.797825,0.21597168
2,9.234285714285713,ztfg,29.032808,0.18789797
2,9.234285714285713,ztfr,26.280321,0.20577085
2,9.234285714285713,ztfi,24.745777,0.22088932
2,9.432857142857141,ztfg,29.37646,0.18651703
2,9.432857142857141,ztfr,26.613228,0.21171422
2,9.432857142857141,ztfi,24.762213,0.21592008
2,9.63142857142857,ztfg,29.384453,0.18793169
2,9.63142857142857,ztfr,26.719149,0.20588557
2,9.63142857142857,ztfi,24.96298,0.21932691
2,9.83,ztfg,29.418617,0.17985553
2,9.83,ztfr,26.724514,0.20498689
2,9.83,ztfi,25.161985,0.21697667
2,10.028571428571428,ztfg,29.866093,0.17643856
2,10.028571428571428,ztfr,26.695744,0.20560558
2,10.028571428571428,ztfi,25.176239,0.21735528
2,10.227142857142857,ztfg,29.78611,0.1793294
2,10.227142857142857,ztfr,27.063911,0.20409262
2,10.227142857142857,ztfi,25.218805,0.21626069
2,10.425714285714285,ztfg,29.953608,0.17816272
2,10.425714285714285,ztfr,26.825157,0.20500702
2,10.425714285714285,ztfi,25.423002,0.21558994
2,10.624285714285714,ztfg,30.238829,0.17684363
2,10.624285714285714,ztfr,27.125864,0.20999098
2,10.624285714285714,ztfi,25.348795,0.22176494
2,10.822857142857142,ztfg,30.323538,0.17955488
2,10.822857142857142,ztfr,27.332426,0.20817678
2,10.822857142857142,ztfi,25.355934,0.22154048
2,11.02142857142857,ztfg,30.41572,0.17983249
2,11.02142857142857,ztfr,27.08413,0.20535642
2,11.02142857142857,ztfi,25.482502,0.22134416
2,11.219999999999999,ztfg,30.378304,0.18015614
2,11.219999999999999,ztfr,27.307716,0.20932686
2,11.219999999999999,ztfi,25.553627,0.22062874
2,11.418571428571427,ztfg,30.453693,0.18064444
2,11.418571428571427,ztfr,27.38605,0.21190983
2,11.418571428571427,ztfi,25.498274,0.21971226
2,11.617142857142856,ztfg,30.676893,0.17825212
2,11.617142857142856,ztfr,27.436958,0.20675938
2,11.617142857142856,ztfi,25.879457,0.21985087
2,11.815714285714286,ztfg,30.789637,0.17891449
2,11.815714285714286,ztfr,27.504631,0.20637043
2,11.815714285714286,ztfi,25.919245,0.21715806
2,12.014285714285714,ztfg,30.91275,0.179683
2,12.014285714285714,ztfr,27.60811,0.21143888
2,12.014285714285714,ztfi,25.976282,0.22101465
2,12.212857142857143,ztfg,31.128654,0.17595494
2,12.212857142857143,ztfr,27.630507,0.2102592
2,12.212857142857143,ztfi,26.015465,0.21763587
2,12.411428571428571,ztfg,31.077166,0.17963587
2,12.411428571428571,ztfr,27.948442,0.20782094
2,12.411428571428571,ztfi,25.811874,0.21938945
2,12.61,ztfg,31.118834,0.17614456
2,12.61,ztfr,27.829613,0.20752093
2,12.61,ztfi,25.91549,0.21816844
2,12.808571428571428,ztfg,31.441671,0.17121555
2,12.808571428571428,ztfr,28.225048,0.20759332
2,12.808571428571428,ztfi,26.13239,0.21910056
2,13.007142857142856,ztfg,31.624239,0.17380072
2,13.007142857142856,ztfr,28.050577,0.20864022
2,13.007142857142856,ztfi,26.289558,0.21808897
2,13.205714285714285,ztfg,31.582693,0.173675
2,13.205714285714285,ztfr,28.174994,0.2061486
2,13.205714285714285,ztfi,26.333725,0.2181446
2,13.404285714285713,ztfg,31.747513,0.17280507
2,13.404285714285713,ztfr,28.238049,0.21235421
2,13.404285714285713,ztfi,26.741617,0.21985112
2,13.602857142857141,ztfg,31.846453,0.17720528
2,13.602857142857141,ztfr,28.208384,0.21028106
2,13.602857142857141,ztfi,26.544588,0.21769471
2,13.80142857142857,ztfg,31.862259,0.17229074
2,13.80142857142857,ztfr,28.45608,0.2106852
2,13.80142857142857,ztfi,26.64296,0.22083877
2,14.0,ztfg,32.062042,0.17565718
2,14.0,ztfr,28.562143,0.21308088
2,14.0,ztfi,26.598661,0.22253491
3,0.1,ztfg,23.44886,0.27504745
3,0.1,ztfr,24.86207,0.2825249
3,0.1,ztfi,25.990133,0.22165771
3,0.2985714285714286,ztfg,22.351933,0.30005577
3,0.2985714285714286,ztfr,22.538008,0.30770603
3,0.2985714285714286,ztfi,23.301054,0.31857482
3,0.4971428571428571,ztfg,21.936352,0.31832796
3,0.4971428571428571,ztfr,21.542624,0.33751592
3,0.4971428571428571,ztfi,22.261347,0.32376227
3,0.6957142857142856,ztfg,21.830515,0.30620635
3,0.6957142857142856,ztfr,20.868845,0.3485713
3,0.6957142857142856,ztfi,21.929565,0.327046
3,0.8942857142857142,ztfg,21.490719,0.30427018
3,0.8942857142857142,ztfr,21.22721,0.341381
3,0.8942857142857142,ztfi,21.65078,0.32631713
3,1.092857142857143,ztfg,21.672804,0.28601217
3,1.092857142857143,ztfr,21.114048,0.34978822
3,1.092857142857143,ztfi,21.39748,0.3189094
3,1.2914285714285714,ztfg,22.062834,0.28210068
3,1.2914285714285714,ztfr,21.135191,0.3526969
3,1.2914285714285714,ztfi,21.732447,0.31767756
3,1.49,ztfg,22.14456,0.28405777
3,1.49,ztfr,21.358454,0.33863616
3,1.49,ztfi,21.660728,0.32336554
3,1.6885714285714286,ztfg,22.468609,0.2937913
3,1.6885714285714286,ztfr,21.405237,0.32676485
3,1.6885714285714286,ztfi,21.694296,0.32158744
3,1.8871428571428572,ztfg,22.919767,0.29348743
3,1.8871428571428572,ztfr,21.739887,0.3305911
3,1.8871428571428572,ztfi,21.814283,0.31537744
3,2.085714285714286,ztfg,23.142723,0.30646083
3,2.085714285714286,ztfr,21.948044,0.33595106
3,2.085714285714286,ztfi,21.832304,0.30782428
3,2.2842857142857143,ztfg,23.457298,0.3031744
3,2.2842857142857143,ztfr,22.502872,0.3219349
3,2.2842857142857143,ztfi,21.943161,0.31974307
3,2.4828571428571427,ztfg,23.756346,0.31890276
3,2.4828571428571427,ztfr,22.44771,0.32738012
3,2.4828571428571427,ztfi,22.192253,0.32245046
3,2.6814285714285715,ztfg,23.873924,0.31887096
3,2.6814285714285715,ztfr,22.776733,0.3262826
3,2.6814285714285715,ztfi,22.342373,0.32646033
3,2.88,ztfg,24.262655,0.3281718
3,2.88,ztfr,22.85357,0.33626187
3,2.88,ztfi,22.651867,0.32470408
3,3.0785714285714287,ztfg,24.686424,0.33270624
3,3.0785714285714287,ztfr,23.234623,0.33378977
3,3.0785714285714287,ztfi,22.5964,0.322794
3,3.277142857142857,ztfg,24.785194,0.33955023
3,3.277142857142857,ztfr,23.373987,0.32839707
3,3.277142857142857,ztfi,22.575115,0.33946592
3,3.4757142857142855,ztfg,25.08195,0.33994415
3,3.4757142857142855,ztfr,23.471762,0.32611957
3,3.4757142857142855,ztfi,22.967754,0.33962366
3,3.6742857142857144,ztfg,25.11754,0.34019324
3,3.6742857142857144,ztfr,23.769304,0.3291272
3,3.6742857142857144,ztfi,22.866096,0.33416572
3,3.8728571428571428,ztfg,25.641155,0.32619202
3,3.8728571428571428,ztfr,23.922039,0.3253719
3,3.8728571428571428,ztfi,23.1866,0.33781415
3,4.071428571428571,ztfg,25.90788,0.34895468
3,4.071428571428571,ztfr,24.16659,0.3326881
3,4.071428571428571,ztfi,23.402552,0.33404985
3,4.27,ztfg,26.0362,0.34175727
3,4.27,ztfr,24.257765,0.3270926
3,4.27,ztfi,23.163626,0.3506562
3,4.468571428571428,ztfg,26.351439,0.34019694
3,4.468571428571428,ztfr,24.307974,0.33481315
3,4.468571428571428,ztfi,23.59847,0.34518147
3,4.667142857142856,ztfg,26.210535,0.34923708
3,4.667142857142856,ztfr,24.61041,0.3307472
3,4.667142857142856,ztfi,23.629942,0.347564
3,4.865714285714285,ztfg,26.46852,0.34167016
3,4.865714285714285,ztfr,24.562523,0.33654794
3,4.865714285714285,ztfi,23.831877,0.34014502
3,5.064285714285714,ztfg,26.844109,0.34784365
3,5.064285714285714,ztfr,25.032478,0.31419623
3,5.064285714285714,ztfi,24.099997,0.3514403
3,5.2628571428571425,ztfg,26.893713,0.33640695
3,5.2628571428571425,ztfr,25.055115,0.33745906
3,5.2628571428571425,ztfi,23.943764,0.34557676
3,5.461428571428571,ztfg,27.213436,0.32963932
3,5.461428571428571,ztfr,25.258305,0.3294449
3,5.461428571428571,ztfi,23.943811,0.35416314
3,5.659999999999999,ztfg,27.30132,0.33233097
3,5.659999999999999,ztfr,25.328577,0.3305488
3,5.659999999999999,ztfi,24.149736,0.34174493
3,5.858571428571428,ztfg,27.368881,0.3329891
3,5.858571428571428,ztfr,25.281229,0.33210334
3,5.858571428571428,ztfi,24.390417,0.34578615
3,6.057142857142857,ztfg,27.474945,0.33454117
3,6.057142857142857,ztfr,25.385387,0.33454385
3,6.057142857142857,ztfi,24.519579,0.35042664
3,6.255714285714285,ztfg,27.90646,0.32108796
3,6.255714285714285,ztfr,25.700924,0.32023266
3,6.255714285714285,ztfi,24.582651,0.3468784
3,6.454285714285714,ztfg,27.785723,0.32930675
3,6.454285714285714,ztfr,25.719528,0.33504897
3,6.454285714285714,ztfi,24.542759,0.3576041
3,6.652857142857142,ztfg,27.886642,0.32931674
3,6.652857142857142,ztfr,25.858376,0.33003014
3,6.652857142857142,ztfi,24.837502,0.3561563
3,6.8514285714285705,ztfg,28.411337,0.33312997
3,6.8514285714285705,ztfr,26.04234,0.32403746
3,6.8514285714285705,ztfi,24.743738,0.35678333
3,7.05,ztfg,28.290356,0.32269478
3,7.05,ztfr,26.44833,0.32047188
3,7.05,ztfi,24.998896,0.34984258
3,7.248571428571428,ztfg,28.595041,0.31392032
3,7.248571428571428,ztfr,26.17516,0.3364498
3,7.248571428571428,ztfi,24.872997,0.35769647
3,7.447142857142857,ztfg,28.49539,0.31386343
3,7.447142857142857,ztfr,26.31709,0.34101406
3,7.447142857142857,ztfi,25.332903,0.35011283
3,7.645714285714285,ztfg,28.66375,0.31284055
3,7.645714285714285,ztfr,26.37439,0.34219858
3,7.645714285714285,ztfi,25.250818,0.3479024
3,7.844285714285713,ztfg,28.961184,0.30561304
3,7.844285714285713,ztfr,26.378399,0.32866463
3,7.844285714285713,ztfi,25.175957,0.35158548
3,8.042857142857143,ztfg,29.07198,0.3102614
3,8.042857142857143,ztfr,26.710798,0.33307424
3,8.042857142857143,ztfi,25.018131,0.35733026
3,8.241428571428571,ztfg,29.29397,0.29453707
3,8.241428571428571,ztfr,26.78156,0.32079312
3,8.241428571428571,ztfi,25.562868,0.3557428
3,8.44,ztfg,29.271305,0.31301022
3,8.44,ztfr,27.281864,0.33135828
3,8.44,ztfi,25.545345,0.34050918
3,8.638571428571428,ztfg,29.323097,0.30482182
3,8.638571428571428,ztfr,27.012926,0.33391973
3,8.638571428571428,ztfi,25.723099,0.34634477
3,8.837142857142856,ztfg,29.293974,0.31521207
3,8.837142857142856,ztfr,27.175829,0.33395892
3,8.837142857142856,ztfi,25.653084,0.35611528
3,9.035714285714285,ztfg,29.492552,0.31255266
3,9.035714285714285,ztfr,27.031519,0.33916223
3,9.035714285714285,ztfi,25.801954,0.34411016
3,9.234285714285713,ztfg,29.760237,0.30236372
3,9.234285714285713,ztfr,27.082338,0.3349725
3,9.234285714285713,ztfi,25.609798,0.35218596
3,9.432857142857141,ztfg,30.266773,0.29040155
3,9.432857142857141,ztfr,27.531322,0.33043155
3,9.432857142857141,ztfi,25.701412,0.34552988
3,9.63142857142857,ztfg,30.218943,0.29258594
3,9.63142857142857,ztfr,27.47065,0.3421941
3,9.63142857142857,ztfi,25.864273,0.34691876
3,9.83,ztfg,30.143814,0.29593727
3,9.83,ztfr,27.508224,0.33820516
3,9.83,ztfi,26.095867,0.34824756
3,10.028571428571428,ztfg,30.248304,0.2997733
3,10.028571428571428,ztfr,27.50278,0.33176926
3,10.028571428571428,ztfi,26.117682,0.34442973
3,10.227142857142857,ztfg,30.54696,0.2844585
3,10.227142857142857,ztfr,27.759714,0.3377104
3,10.227142857142857,ztfi,25.843353,0.35844254
3,10.425714285714285,ztfg,30.657373,0.28512093
3,10.425714285714285,ztfr,27.710695,0.3205885
3,10.425714285714285,ztfi,26.218546,0.35376662
3,10.624285714285714,ztfg,30.930471,0.2847193
3,10.624285714285714,ztfr,27.85907,0.3341529
3,10.624285714285714,ztfi,26.387732,0.36277884
3,10.822857142857142,ztfg,31.061361,0.30044132
3,10.822857142857142,ztfr,28.227247,0.33276224
3,10.822857142857142,ztfi,26.385408,0.33890432
3,11.02142857142857,ztfg,31.093872,0.28244844
3,11.02142857142857,ztfr,27.897804,0.33817154
3,11.02142857142857,ztfi,26.427977,0.3533495
3,11.219999999999999,ztfg,30.937878,0.28856912
3,11.219999999999999,ztfr,28.072346,0.33676097
3,11.219999999999999,ztfi,26.59876,0.34556141
3,11.418571428571427,ztfg,31.320213,0.29142356
3,11.418571428571427,ztfr,28.255045,0.3452855
3,11.418571428571427,ztfi,26.49862,0.35412997
3,11.617142857142856,ztfg,31.35185,0.2903161
3,11.617142857142856,ztfr,28.290195,0.33178553
3,11.617142857142856,ztfi,26.59614,0.35210845
3,11.815714285714286,ztfg,31.663157,0.27804735
3,11.815714285714286,ztfr,28.18248,0.34350994
3,11.815714285714286,ztfi,26.77783,0.3525241
3,12.014285714285714,ztfg,31.622465,0.28162912
3,12.014285714285714,ztfr,28.538967,0.3309813
3,12.014285714285714,ztfi,26.921162,0.3440437
3,12.212857142857143,ztfg,31.64915,0.28972095
3,12.212857142857143,ztfr,28.381819,0.3326482
3,12.212857142857143,ztfi,27.008629,0.35465056
3,12.411428571428571,ztfg,31.610674,0.28759766
3,12.411428571428571,ztfr,28.588247,0.34869877
3,12.411428571428571,ztfi,26.821053,0.34703377
3,12.61,ztfg,31.796995,0.286882
3,12.61,ztfr,28.652643,0.33247107
3,12.61,ztfi,26.838774,0.3463566
3,12.808571428571428,ztfg,32.16213,0.27601936
3,12.808571428571428,ztfr,28.924307,0.3463295
3,12.808571428571428,ztfi,27.04633,0.3592365
3,13.007142857142856,ztfg,32.37828,0.2695208
3,13.007142857142856,ztfr,28.739174,0.34243354
3,13.007142857142856,ztfi,27.155321,0.35246265
3,13.205714285714285,ztfg,32.12172,0.28461313
3,13.205714285714285,ztfr,28.884249,0.34240708
3,13.205714285714285,ztfi,27.241474,0.3465531
3,13.404285714285713,ztfg,32.51757,0.27302647
3,13.404285714285713,ztfr,29.158504,0.34106982
3,13.404285714285713,ztfi,27.521765,0.35222286
3,13.602857142857141,ztfg,32.64834,0.27606094
3,13.602857142857141,ztfr,28.983534,0.34034824
3,13.602857142857141,ztfi,27.183733,0.36989838
3,13.80142857142857,ztfg,32.499126,0.2845336
3,13.80142857142857,ztfr,29.24773,0.3396595
3,13.80142857142857,ztfi,27.39717,0.3619837
3,14.0,ztfg,32.88732,0.26957768
3,14.0,ztfr,29.435553,0.33487272
3,14.0,ztfi,27.551863,0.35669193
4,0.1,ztfg,28.270424,0.28019285
4,0.1,ztfr,25.833166,0.25076222
4,0.1,ztfi,24.89287,0.21598253
4,0.2985714285714286,ztfg,23.323614,0.26612666
4,0.2985714285714286,ztfr,22.697226,0.27935797
4,0.2985714285714286,ztfi,22.636288,0.29132387
4,0.4971428571428571,ztfg,22.088285,0.2843405
4,0.4971428571428571,ztfr,21.99614,0.2995582
4,0.4971428571428571,ztfi,21.997976,0.3004528
4,0.6957142857142856,ztfg,21.927994,0.27465504
4,0.6957142857142856,ztfr,21.154135,0.31392467
4,0.6957142857142856,ztfi,21.661253,0.29657462
4,0.8942857142857142,ztfg,21.71034,0.27230015
4,0.8942857142857142,ztfr,21.305227,0.30882215
4,0.8942857142857142,ztfi,21.250195,0.29960456
4,1.092857142857143,ztfg,21.794315,0.25750944
4,1.092857142857143,ztfr,21.199772,0.31334466
4,1.092857142857143,ztfi,21.419596,0.2951336
4,1.2914285714285714,ztfg,22.149872,0.24810325
4,1.2914285714285714,ztfr,21.324697,0.31669843
4,1.2914285714285714,ztfi,21.439224,0.29208237
4,1.49,ztfg,22.52247,0.2496165
4,1.49,ztfr,21.442032,0.31408492
4,1.49,ztfi,21.46167,0.29652962
4,1.6885714285714286,ztfg,22.587828,0.2616194
4,1.6885714285714286,ztfr,21.458685,0.30302194
4,1.6885714285714286,ztfi,21.347342,0.30046222
4,1.8871428571428572,ztfg,22.96348,0.26637825
4,1.8871428571428572,ztfr,21.850874,0.29733387
4,1.8871428571428572,ztfi,21.513794,0.28900623
4,2.085714285714286,ztfg,23.186007,0.271456
4,2.085714285714286,ztfr,22.128551,0.29950923
4,2.085714285714286,ztfi,21.550852,0.2858811
4,2.2842857142857143,ztfg,23.583595,0.27354962
4,2.2842857142857143,ztfr,22.329105,0.29545262
4,2.2842857142857143,ztfi,21.816149,0.2916307
4,2.4828571428571427,ztfg,23.894306,0.28995448
4,2.4828571428571427,ztfr,22.423563,0.29472056
4,2.4828571428571427,ztfi,21.923891,0.2919441
4,2.6814285714285715,ztfg,23.975836,0.29538274
4,2.6814285714285715,ztfr,22.521471,0.29799813
4,2.6814285714285715,ztfi,21.891605,0.30138662
4,2.88,ztfg,24.122381,0.30211055
4,2.88,ztfr,22.763815,0.30428067
4,2.88,ztfi,22.406677,0.3027278
4,3.0785714285714287,ztfg,24.53252,0.30440393
4,3.0785714285714287,ztfr,23.0996,0.30681503
4,3.0785714285714287,ztfi,22.482426,0.29949346
4,3.277142857142857,ztfg,24.883766,0.30816743
4,3.277142857142857,ztfr,23.271873,0.30326545
4,3.277142857142857,ztfi,22.389267,0.30855617
4,3.4757142857142855,ztfg,25.250906,0.30510348
4,3.4757142857142855,ztfr,23.371473,0.30357325
4,3.4757142857142855,ztfi,22.696884,0.31194764
4,3.6742857142857144,ztfg,25.406277,0.3099772
4,3.6742857142857144,ztfr,23.688404,0.29745048
4,3.6742857142857144,ztfi,22.698017,0.31581098
4,3.8728571428571428,ztfg,25.394123,0.3033163
4,3.8728571428571428,ztfr,23.787523,0.30124342
4,3.8728571428571428,ztfi,23.065687,0.3075371
4,4.071428571428571,ztfg,25.91372,0.3204677
4,4.071428571428571,ztfr,24.056616,0.30317077
4,4.071428571428571,ztfi,23.195723,0.3090262
4,4.27,ztfg,25.936676,0.31496316
4,4.27,ztfr,23.907816,0.3062501
4,4.27,ztfi,23.136086,0.32157803
4,4.468571428571428,ztfg,26.070223,0.32508668
4,4.468571428571428,ztfr,24.18503,0.3068442
4,4.468571428571428,ztfi,23.348581,0.3195196
4,4.667142857142856,ztfg,26.253706,0.31502545
4,4.667142857142856,ztfr,24.23715,0.30619982
4,4.667142857142856,ztfi,23.433525,0.31990433
4,4.865714285714285,ztfg,26.498257,0.31394953
4,4.865714285714285,ztfr,24.254145,0.31170452
4,4.865714285714285,ztfi,23.68369,0.31242856
4,5.064285714285714,ztfg,26.59788,0.32178044
4,5.064285714285714,ztfr,24.564043,0.30225262
4,5.064285714285714,ztfi,23.66105,0.32576925
4,5.2628571428571425,ztfg,26.7791,0.30980566
4,5.2628571428571425,ztfr,24.706976,0.31288505
4,5.2628571428571425,ztfi,23.727648,0.3243081
4,5.461428571428571,ztfg,27.185726,0.299326
4,5.461428571428571,ztfr,24.838198,0.306878
4,5.461428571428571,ztfi,23.734869,0.32683432
4,5.659999999999999,ztfg,27.136112,0.31124878
4,5.659999999999999,ztfr,24.924057,0.3088922
4,5.659999999999999,ztfi,23.851505,0.32550475
4,5.858571428571428,ztfg,27.45445,0.30594888
4,5.858571428571428,ztfr,24.987839,0.30651224
4,5.858571428571428,ztfi,23.807203,0.329893
4,6.057142857142857,ztfg,27.61297,0.30096915
4,6.057142857142857,ztfr,25.317995,0.30359745
4,6.057142857142857,ztfi,24.015873,0.32391658
4,6.255714285714285,ztfg,27.968096,0.2974084
4,6.255714285714285,ztfr,25.335466,0.30268094
4,6.255714285714285,ztfi,24.30395,0.32027695
4,6.454285714285714,ztfg,28.059904,0.29513177
4,6.454285714285714,ztfr,25.420134,0.31130224
4,6.454285714285714,ztfi,24.44832,0.32030106
4,6.652857142857142,ztfg,27.970163,0.29998693
4,6.652857142857142,ztfr,25.612558,0.30909017
4,6.652857142857142,ztfi,24.480879,0.3278838
4,6.8514285714285705,ztfg,28.171816,0.30784258
4,6.8514285714285705,ztfr,25.814047,0.30515438
4,6.8514285714285705,ztfi,24.505299,0.33376184
4,7.05,ztfg,28.254026,0.29739237
4,7.05,ztfr,25.981781,0.30307814
4,7.05,ztfi,24.814909,0.32047072
4,7.248571428571428,ztfg,28.498915,0.29325178
4,7.248571428571428,ztfr,26.008335,0.31337783
4,7.248571428571428,ztfi,24.770243,0.32358912
4,7.447142857142857,ztfg,28.528603,0.28796002
4,7.447142857142857,ztfr,26.12188,0.31029263
4,7.447142857142857,ztfi,25.082647,0.32400623
4,7.645714285714285,ztfg,28.758516,0.28568983
4,7.645714285714285,ztfr,26.228884,0.3108659
4,7.645714285714285,ztfi,24.967705,0.3254708
4,7.844285714285713,ztfg,29.170834,0.27342337
4,7.844285714285713,ztfr,26.1333,0.30883121
4,7.844285714285713,ztfi,24.860876,0.32228574
4,8.042857142857143,ztfg,29.255278,0.28601748
4,8.042857142857143,ztfr,26.351585,0.30954883
4,8.042857142857143,ztfi,25.139442,0.32154092
4,8.241428571428571,ztfg,29.395195,0.27482036
4,8.241428571428571,ztfr,26.686195,0.29591382
4,8.241428571428571,ztfi,25.074299,0.3298706
4,8.44,ztfg,29.469942,0.28102627
4,8.44,ztfr,26.788965,0.31189558
4,8.44,ztfi,25.149006,0.32497907
4,8.638571428571428,ztfg,29.76314,0.27246213
4,8.638571428571428,ztfr,26.703526,0.30809224
4,8.638571428571428,ztfi,25.303873,0.32872266
4,8.837142857142856,ztfg,29.746603,0.2804664
4,8.837142857142856,ztfr,26.842472,0.31126007
4,8.837142857142856,ztfi,25.4379,0.3284977
4,9.035714285714285,ztfg,30.015089,0.2760702
4,9.035714285714285,ztfr,27.082458,0.30838555
4,9.035714285714285,ztfi,25.430439,0.3188911
4,9.234285714285713,ztfg,30.123045,0.27160385
4,9.234285714285713,ztfr,27.06277,0.3085612
4,9.234285714285713,ztfi,25.571798,0.32511327
4,9.432857142857141,ztfg,30.179085,0.2740466
4,9.432857142857141,ztfr,27.431883,0.3051127
4,9.432857142857141,ztfi,25.552782,0.31977364
4,9.63142857142857,ztfg,30.435081,0.26334018
4,9.63142857142857,ztfr,27.351019,0.3158607
4,9.63142857142857,ztfi,25.77448,0.31725842
4,9.83,ztfg,30.217583,0.27107453
4,9.83,ztfr,27.565908,0.30644688
4,9.83,ztfi,25.93878,0.3213479
4,10.028571428571428,ztfg,30.79022,0.27146822
4,10.028571428571428,ztfr,27.544977,0.30152872
4,10.028571428571428,ztfi,25.988482,0.317019
4,10.227142857142857,ztfg,30.833298,0.25424296
4,10.227142857142857,ztfr,27.809036,0.30839473
4,10.227142857142857,ztfi,26.054901,0.32122713
4,10.425714285714285,ztfg,30.871246,0.25663677
4,10.425714285714285,ztfr,27.542446,0.30590668
4,10.425714285714285,ztfi,26.078106,0.32577264
4,10.624285714285714,ztfg,31.08888,0.25164515
4,10.624285714285714,ztfr,28.014849,0.30698606
4,10.624285714285714,ztfi,26.192434,0.32683164
4,10.822857142857142,ztfg,31.23461,0.26679954
4,10.822857142857142,ztfr,28.174917,0.30816317
4,10.822857142857142,ztfi,26.137783,0.3165578
4,11.02142857142857,ztfg,31.533878,0.25438818
4,11.02142857142857,ztfr,27.992445,0.3093334
4,11.02142857142857,ztfi,26.362265,0.3282456
4,11.219999999999999,ztfg,31.431608,0.26386175
4,11.219999999999999,ztfr,28.145998,0.30654436
4,11.219999999999999,ztfi,26.418442,0.31888345
4,11.418571428571427,ztfg,31.428707,0.263706
4,11.418571428571427,ztfr,28.212524,0.30856377
4,11.418571428571427,ztfi,26.280697,0.32810083
4,11.617142857142856,ztfg,31.84286,0.25559068
4,11.617142857142856,ztfr,28.259789,0.30839807
4,11.617142857142856,ztfi,26.60417,0.32231647
4,11.815714285714286,ztfg,31.936916,0.24880128
4,11.815714285714286,ztfr,28.233656,0.30978987
4,11.815714285714286,ztfi,26.643059,0.3193922
4,12.014285714285714,ztfg,31.79973,0.26392415
4,12.014285714285714,ztfr,28.493717,0.30803245
4,12.014285714285714,ztfi,26.79036,0.3237624
4,12.212857142857143,ztfg,32.033707,0.25921386
4,12.212857142857143,ztfr,28.62395,0.30157083
4,12.212857142857143,ztfi,26.737555,0.32666114
4,12.411428571428571,ztfg,32.158943,0.25774354
4,12.411428571428571,ztfr,28.777367,0.31142727
4,12.411428571428571,ztfi,26.631922,0.32165352
4,12.61,ztfg,32.192654,0.25664154
4,12.61,ztfr,28.705198,0.30441397
4,12.61,ztfi,26.832415,0.32097092
4,12.808571428571428,ztfg,32.433933,0.2512476
4,12.808571428571428,ztfr,29.003635,0.31613338
4,12.808571428571428,ztfi,26.96429,0.32889596
4,13.007142857142856,ztfg,32.596977,0.24527748
4,13.007142857142856,ztfr,28.9414,0.31319913
4,13.007142857142856,ztfi,27.024284,0.3219109
4,13.205714285714285,ztfg,32.634228,0.25520045
4,13.205714285714285,ztfr,29.067686,0.31056446
4,13.205714285714285,ztfi,27.156912,0.31815732
4,13.404285714285713,ztfg,32.90029,0.24520686
4,13.404285714285713,ztfr,29.227354,0.30818388
4,13.404285714285713,ztfi,27.548754,0.32535797
4,13.602857142857141,ztfg,32.801796,0.2527932
4,13.602857142857141,ztfr,29.09145,0.31073317
4,13.602857142857141,ztfi,27.248066,0.32916856
4,13.80142857142857,ztfg,32.9065,0.2511656
4,13.80142857142857,ztfr,29.334185,0.31088674
4,13.80142857142857,ztfi,27.464802,0.32241938
4,14.0,ztfg,33.011375,0.2445578
4,14.0,ztfr,29.534876,0.31080317
4,14.0,ztfi,27.302452,0.33381963
5,0.1,ztfg,29.353447,0.15446617
5,0.1,ztfr,28.714306,0.12715057
5,0.1,ztfi,28.995644,0.10572267
5,0.2985714285714286,ztfg,26.847462,0.13760993
5,0.2985714285714286,ztfr,26.370316,0.13729061
5,0.2985714285714286,ztfi,27.19281,0.1364337
5,0.4971428571428571,ztfg,25.665655,0.136459
5,0.4971428571428571,ztfr,25.551968,0.14721471
5,0.4971428571428571,ztfi,26.265608,0.12952307
5,0.6957142857142856,ztfg,25.349758,0.13480338
5,0.6957142857142856,ztfr,24.651852,0.14658388
5,0.6957142857142856,ztfi,25.88122,0.13039576
5,0.8942857142857142,ztfg,25.115114,0.13520318
5,0.8942857142857142,ztfr,24.870062,0.14590417
5,0.8942857142857142,ztfi,25.561163,0.123232044
5,1.092857142857143,ztfg,24.993542,0.12106308
5,1.092857142857143,ztfr,24.810364,0.14145952
5,1.092857142857143,ztfi,25.575888,0.12547533
5,1.2914285714285714,ztfg,25.234772,0.12713239
5,1.2914285714285714,ztfr,24.859793,0.14492775
5,1.2914285714285714,ztfi,25.662455,0.1264607
5,1.49,ztfg,25.355352,0.12696263
5,1.49,ztfr,24.963543,0.14271729
5,1.49,ztfi,25.489244,0.122290075
5,1.6885714285714286,ztfg,25.519327,0.11865403
5,1.6885714285714286,ztfr,24.775434,0.14020886
5,1.6885714285714286,ztfi,25.46941,0.12757054
5,1.8871428571428572,ztfg,26.04832,0.13008945
5,1.8871428571428572,ztfr,25.1182,0.134328
5,1.8871428571428572,ztfi,25.421776,0.1260175
5,2.085714285714286,ztfg,26.234306,0.123903275
5,2.085714285714286,ztfr,25.455542,0.1338644
5,2.085714285714286,ztfi,25.232111,0.1190592
5,2.2842857142857143,ztfg,26.616566,0.11905547
5,2.2842857142857143,ztfr,25.617605,0.13160424
5,2.2842857142857143,ztfi,25.476414,0.1304723
5,2.4828571428571427,ztfg,27.049469,0.1288578
5,2.4828571428571427,ztfr,25.686453,0.13329205
5,2.4828571428571427,ztfi,25.538673,0.131067
5,2.6814285714285715,ztfg,27.178123,0.1299084
5,2.6814285714285715,ztfr,25.860022,0.127022
5,2.6814285714285715,ztfi,25.540327,0.12607436
5,2.88,ztfg,27.436974,0.13213354
5,2.88,ztfr,26.102093,0.13208361
5,2.88,ztfi,26.000721,0.122879244
5,3.0785714285714287,ztfg,27.819355,0.13246103
5,3.0785714285714287,ztfr,26.543198,0.13365522
5,3.0785714285714287,ztfi,26.059687,0.12985212
5,3.277142857142857,ztfg,28.01282,0.1361357
5,3.277142857142857,ztfr,26.637772,0.1307756
5,3.277142857142857,ztfi,26.007841,0.13395208
5,3.4757142857142855,ztfg,28.447233,0.13215807
5,3.4757142857142855,ztfr,26.718477,0.13325523
5,3.4757142857142855,ztfi,26.261364,0.13062058
5,3.6742857142857144,ztfg,28.645287,0.13409959
5,3.6742857142857144,ztfr,26.950201,0.12918928
5,3.6742857142857144,ztfi,26.297632,0.13056676
5,3.8728571428571428,ztfg,28.6263,0.12392855
5,3.8728571428571428,ztfr,27.092314,0.13078912
5,3.8728571428571428,ztfi,26.579485,0.12830268
5,4.071428571428571,ztfg,29.34542,0.13594787
5,4.071428571428571,ztfr,27.321627,0.13186675
5,4.071428571428571,ztfi,26.79375,0.1317983
5,4.27,ztfg,29.296698,0.13269813
5,4.27,ztfr,27.378134,0.1322977
5,4.27,ztfi,26.777157,0.13434869
5,4.468571428571428,ztfg,29.57741,0.13683839
5,4.468571428571428,ztfr,27.620863,0.13793534
5,4.468571428571428,ztfi,27.054432,0.13473296
5,4.667142857142856,ztfg,29.637611,0.135654
5,4.667142857142856,ztfr,27.667791,0.13546005
5,4.667142857142856,ztfi,27.02684,0.13948034
5,4.865714285714285,ztfg,29.953255,0.13876796
5,4.865714285714285,ztfr,27.706697,0.13238579
5,4.865714285714285,ztfi,27.185884,0.13196439
5,5.064285714285714,ztfg,30.04658,0.13407658
5,5.064285714285714,ztfr,28.029606,0.13251287
5,5.064285714285714,ztfi,27.508091,0.13836914
5,5.2628571428571425,ztfg,30.1313,0.12635325
5,5.2628571428571425,ztfr,28.187872,0.1394545
5,5.2628571428571425,ztfi,27.315634,0.13407229
5,5.461428571428571,ztfg,30.44713,0.12918101
5,5.461428571428571,ztfr,28.219374,0.1340831
5,5.461428571428571,ztfi,27.387983,0.13968037
5,5.659999999999999,ztfg,30.617088,0.12813164
5,5.659999999999999,ztfr,28.365025,0.12737893
5,5.659999999999999,ztfi,27.419445,0.13411832
5,5.858571428571428,ztfg,30.76904,0.1265758
5,5.858571428571428,ztfr,28.339119,0.13442104
5,5.858571428571428,ztfi,27.538557,0.1378296
5,6.057142857142857,ztfg,30.87822,0.1275957
5,6.057142857142857,ztfr,28.589611,0.13777535
5,6.057142857142857,ztfi,27.688704,0.14487033
5,6.255714285714285,ztfg,31.312605,0.12109881
5,6.255714285714285,ztfr,28.71997,0.13006641
5,6.255714285714285,ztfi,27.761074,0.13687563
5,6.454285714285714,ztfg,31.24006,0.12286838
5,6.454285714285714,ztfr,28.778954,0.13596213
5,6.454285714285714,ztfi,27.894035,0.1382606
5,6.652857142857142,ztfg,31.387997,0.1266035
5,6.652857142857142,ztfr,29.01175,0.13104025
5,6.652857142857142,ztfi,28.060883,0.14143181
5,6.8514285714285705,ztfg,31.655882,0.12731698
5,6.8514285714285705,ztfr,29.14365,0.12988248
5,6.8514285714285705,ztfi,28.200872,0.14675997
5,7.05,ztfg,31.591125,0.12302547
5,7.05,ztfr,29.352556,0.12699
5,7.05,ztfi,28.280321,0.14088748
5,7.248571428571428,ztfg,31.865953,0.11693598
5,7.248571428571428,ztfr,29.43358,0.14331146
5,7.248571428571428,ztfi,28.2236,0.13662286
5,7.447142857142857,ztfg,31.711842,0.11561464
5,7.447142857142857,ztfr,29.525,0.13246614
5,7.447142857142857,ztfi,28.570623,0.13677795
5,7.645714285714285,ztfg,31.98059,0.116090626
5,7.645714285714285,ztfr,29.689686,0.13147777
5,7.645714285714285,ztfi,28.412548,0.14293338
5,7.844285714285713,ztfg,32.09154,0.11919279
5,7.844285714285713,ztfr,29.569761,0.13514191
5,7.844285714285713,ztfi,28.405296,0.1319997
5,8.042857142857143,ztfg,32.53901,0.12314278
5,8.042857142857143,ztfr,29.855572,0.13143437
5,8.042857142857143,ztfi,28.482096,0.13735504
5,8.241428571428571,ztfg,32.47415,0.11549561
5,8.241428571428571,ztfr,29.903429,0.12645519
5,8.241428571428571,ztfi,28.723871,0.13756473
5,8.44,ztfg,32.70037,0.116050534
5,8.44,ztfr,30.25705,0.13660315
5,8.44,ztfi,28.714197,0.14212936
5,8.638571428571428,ztfg,32.686573,0.1151088
5,8.638571428571428,ztfr,30.096468,0.13236335
5,8.638571428571428,ztfi,28.936968,0.1395716
5,8.837142857142856,ztfg,32.789745,0.11951228
5,8.837142857142856,ztfr,30.299707,0.12879407
5,8.837142857142856,ztfi,28.999825,0.1388468
5,9.035714285714285,ztfg,33.0825,0.12136117
5,9.035714285714285,ztfr,30.414074,0.13597403
5,9.035714285714285,ztfi,28.914206,0.13383763
5,9.234285714285713,ztfg,33.138668,0.11510217
5,9.234285714285713,ztfr,30.32687,0.12673976
5,9.234285714285713,ztfi,29.02634,0.13467118
5,9.432857142857141,ztfg,33.360523,0.1177116
5,9.432857142857141,ztfr,30.547327,0.12994325
5,9.432857142857141,ztfi,29.039711,0.13512374
5,9.63142857142857,ztfg,33.400227,0.109505005
5,9.63142857142857,ztfr,30.7645,0.12982763
5,9.63142857142857,ztfi,29.17248,0.135696
5,9.83,ztfg,33.370625,0.116983235
5,9.83,ztfr,30.898966,0.13539612
5,9.83,ztfi,29.421995,0.13430388
5,10.028571428571428,ztfg,33.734478,0.11487812
5,10.028571428571428,ztfr,30.730137,0.13245237
5,10.028571428571428,ztfi,29.347656,0.13540877
5,10.227142857142857,ztfg,33.661846,0.11002074
5,10.227142857142857,ztfr,31.111347,0.13628675
5,10.227142857142857,ztfi,29.302378,0.13776372
5,10.425714285714285,ztfg,33.763233,0.109374486
5,10.425714285714285,ztfr,30.988447,0.12789086
5,10.425714285714285,ztfi,29.539911,0.1349423
5,10.624285714285714,ztfg,34.055225,0.110270634
5,10.624285714285714,ztfr,31.237421,0.12973171
5,10.624285714285714,ztfi,29.597925,0.1391484
5,10.822857142857142,ztfg,34.223,0.113774486
5,10.822857142857142,ztfr,31.467125,0.1288613
5,10.822857142857142,ztfi,29.506523,0.13320452
5,11.02142857142857,ztfg,34.345306,0.11029958
5,11.02142857142857,ztfr,31.326727,0.12422847
5,11.02142857142857,ztfi,29.79238,0.13870563
5,11.219999999999999,ztfg,34.35987,0.10878714
5,11.219999999999999,ztfr,31.311953,0.13045639
5,11.219999999999999,ztfi,29.713268,0.12969281
5,11.418571428571427,ztfg,34.582977,0.11138314
5,11.418571428571427,ztfr,31.501673,0.13123637
5,11.418571428571427,ztfi,29.848925,0.14129072
5,11.617142857142856,ztfg,34.660294,0.11389478
5,11.617142857142856,ztfr,31.584236,0.13168381
5,11.617142857142856,ztfi,29.95225,0.13749623
5,11.815714285714286,ztfg,34.78911,0.10508152
5,11.815714285714286,ztfr,31.565496,0.13257565
5,11.815714285714286,ztfi,30.018919,0.13139825
5,12.014285714285714,ztfg,34.80775,0.11585553
5,12.014285714285714,ztfr,31.811806,0.12710002
5,12.014285714285714,ztfi,30.195007,0.14124455
5,12.212857142857143,ztfg,34.96996,0.11140661
5,12.212857142857143,ztfr,31.765478,0.1263275
5,12.212857142857143,ztfi,30.252363,0.13946028
5,12.411428571428571,ztfg,35.027233,0.11115473
5,12.411428571428571,ztfr,32.04136,0.13301691
5,12.411428571428571,ztfi,30.125273,0.14357057
5,12.61,ztfg,35.084866,0.10965852
5,12.61,ztfr,31.953188,0.1265346
5,12.61,ztfi,30.23545,0.13891713
5,12.808571428571428,ztfg,35.334614,0.10483219
5,12.808571428571428,ztfr,32.288883,0.13145056
5,12.808571428571428,ztfi,30.476892,0.1367263
5,13.007142857142856,ztfg,35.40497,0.10194241
5,13.007142857142856,ztfr,32.171455,0.13597094
5,13.007142857142856,ztfi,30.450724,0.13797483
5,13.205714285714285,ztfg,35.59335,0.11306019
5,13.205714285714285,ztfr,32.273975,0.13124546
5,13.205714285714285,ztfi,30.48566,0.13238592
5,13.404285714285713,ztfg,35.635605,0.10445305
5,13.404285714285713,ztfr,32.454483,0.124710664
5,13.404285714285713,ztfi,30.977049,0.13655297
5,13.602857142857141,ztfg,35.58954,0.1042726
5,13.602857142857141,ztfr,32.27394,0.12700935
5,13.602857142857141,ztfi,30.763783,0.14759286
5,13.80142857142857,ztfg,35.746372,0.10666341
5,13.80142857142857,ztfr,32.450043,0.12620062
5,13.80142857142857,ztfi,30.66904,0.13624689
5,14.0,ztfg,35.773598,0.106870174
5,14.0,ztfr,32.671673,0.1269008
5,14.0,ztfi,30.813646,0.13716863
6,0.1,ztfg,26.289537,0.19009683
6,0.1,ztfr,27.101933,0.16058059
6,0.1,ztfi,28.255226,0.13594207
6,0.2985714285714286,ztfg,24.906536,0.17270222
6,0.2985714285714286,ztfr,24.776102,0.1755559
6,0.2985714285714286,ztfi,25.96061,0.18250653
6,0.4971428571428571,ztfg,24.317518,0.17884038
6,0.4971428571428571,ztfr,24.052174,0.19243287
6,0.4971428571428571,ztfi,24.784649,0.18629135
6,0.6957142857142856,ztfg,24.075733,0.17187892
6,0.6957142857142856,ztfr,23.416918,0.19916278
6,0.6957142857142856,ztfi,24.584417,0.1882305
6,0.8942857142857142,ztfg,23.786772,0.17025556
6,0.8942857142857142,ztfr,23.678616,0.1945636
6,0.8942857142857142,ztfi,24.38877,0.184448
6,1.092857142857143,ztfg,23.759558,0.16242209
6,1.092857142857143,ztfr,23.55817,0.19601007
6,1.092857142857143,ztfi,24.173595,0.18351838
6,1.2914285714285714,ztfg,24.135777,0.16366892
6,1.2914285714285714,ztfr,23.52781,0.19865857
6,1.2914285714285714,ztfi,24.411037,0.18705536
6,1.49,ztfg,24.226713,0.16239715
6,1.49,ztfr,23.67108,0.19287013
6,1.49,ztfi,24.302439,0.18547517
6,1.6885714285714286,ztfg,24.48527,0.16529363
6,1.6885714285714286,ztfr,23.625143,0.18660553
6,1.6885714285714286,ztfi,24.309345,0.18681908
6,1.8871428571428572,ztfg,24.946613,0.1699393
6,1.8871428571428572,ztfr,24.013317,0.18729547
6,1.8871428571428572,ztfi,24.242346,0.18155825
6,2.085714285714286,ztfg,25.252825,0.17336245
6,2.085714285714286,ztfr,24.323874,0.1884953
6,2.085714285714286,ztfi,24.18364,0.17936029
6,2.2842857142857143,ztfg,25.534512,0.17205691
6,2.2842857142857143,ztfr,24.657503,0.18162264
6,2.2842857142857143,ztfi,24.407177,0.18889648
6,2.4828571428571427,ztfg,26.040792,0.18390286
6,2.4828571428571427,ztfr,24.702417,0.18824999
6,2.4828571428571427,ztfi,24.559921,0.18574642
6,2.6814285714285715,ztfg,26.099356,0.18306954
6,2.6814285714285715,ztfr,24.902645,0.1827247
6,2.6814285714285715,ztfi,24.619144,0.188059
6,2.88,ztfg,26.509375,0.18928865
6,2.88,ztfr,25.272308,0.19175346
6,2.88,ztfi,24.94007,0.18374239
6,3.0785714285714287,ztfg,26.897118,0.18742731
6,3.0785714285714287,ztfr,25.541077,0.18924053
6,3.0785714285714287,ztfi,24.90374,0.18848954
6,3.277142857142857,ztfg,27.119608,0.19686286
6,3.277142857142857,ztfr,25.644056,0.18897524
6,3.277142857142857,ztfi,24.981493,0.19526441
6,3.4757142857142855,ztfg,27.507572,0.19498344
6,3.4757142857142855,ztfr,25.740868,0.18580066
6,3.4757142857142855,ztfi,25.333239,0.19413686
6,3.6742857142857144,ztfg,27.611004,0.19607566
6,3.6742857142857144,ztfr,26.066303,0.18855731
6,3.6742857142857144,ztfi,25.290419,0.19425006
6,3.8728571428571428,ztfg,27.848942,0.19173093
6,3.8728571428571428,ztfr,26.154781,0.18280254
6,3.8728571428571428,ztfi,25.596987,0.19502838
6,4.071428571428571,ztfg,28.345556,0.19617185
6,4.071428571428571,ztfr,26.435402,0.19009693
6,4.071428571428571,ztfi,25.713095,0.1929925
6,4.27,ztfg,28.396826,0.197671
6,4.27,ztfr,26.45871,0.19307801
6,4.27,ztfi,25.70725,0.19796588
6,4.468571428571428,ztfg,28.666164,0.19834757
6,4.468571428571428,ztfr,26.630413,0.19476175
6,4.468571428571428,ztfi,25.99045,0.20100132
6,4.667142857142856,ztfg,28.71661,0.20244329
6,4.667142857142856,ztfr,26.817696,0.19261396
6,4.667142857142856,ztfi,26.099695,0.20067194
6,4.865714285714285,ztfg,28.95756,0.1984145
6,4.865714285714285,ztfr,26.910564,0.19570853
6,4.865714285714285,ztfi,26.173042,0.19725041
6,5.064285714285714,ztfg,29.33606,0.20362765
6,5.064285714285714,ztfr,27.136356,0.18846668
6,5.064285714285714,ztfi,26.509933,0.20299807
6,5.2628571428571425,ztfg,29.241148,0.19167636
6,5.2628571428571425,ztfr,27.361647,0.19818
6,5.2628571428571425,ztfi,26.354996,0.20365067
6,5.461428571428571,ztfg,29.538029,0.19185613
6,5.461428571428571,ztfr,27.448376,0.18996477
6,5.461428571428571,ztfi,26.477758,0.20315461
6,5.659999999999999,ztfg,29.63914,0.19810921
6,5.659999999999999,ztfr,27.55882,0.19300953
6,5.659999999999999,ztfi,26.45584,0.19719483
6,5.858571428571428,ztfg,29.83478,0.19446747
6,5.858571428571428,ztfr,27.589617,0.19489352
6,5.858571428571428,ztfi,26.667526,0.2055819
6,6.057142857142857,ztfg,29.939999,0.19264366
6,6.057142857142857,ztfr,27.788519,0.19263427
6,6.057142857142857,ztfi,26.814959,0.20641027
6,6.255714285714285,ztfg,30.370495,0.18249285
6,6.255714285714285,ztfr,27.865257,0.18595296
6,6.255714285714285,ztfi,26.899189,0.19761333
6,6.454285714285714,ztfg,30.259743,0.18765195
6,6.454285714285714,ztfr,28.029726,0.19743861
6,6.454285714285714,ztfi,27.040749,0.20702016
6,6.652857142857142,ztfg,30.380535,0.1907164
6,6.652857142857142,ztfr,28.220417,0.19143327
6,6.652857142857142,ztfi,27.194078,0.21048641
6,6.8514285714285705,ztfg,30.815594,0.1921704
6,6.8514285714285705,ztfr,28.297832,0.18895337
6,6.8514285714285705,ztfi,27.166231,0.2120085
6,7.05,ztfg,30.660486,0.18718135
6,7.05,ztfr,28.611063,0.18463822
6,7.05,ztfi,27.38665,0.2011375
6,7.248571428571428,ztfg,30.942543,0.18305025
6,7.248571428571428,ztfr,28.606985,0.19715936
6,7.248571428571428,ztfi,27.30403,0.20444387
6,7.447142857142857,ztfg,30.83933,0.17470255
6,7.447142857142857,ztfr,28.721018,0.19373564
6,7.447142857142857,ztfi,27.761671,0.20260578
6,7.645714285714285,ztfg,31.045504,0.18002832
6,7.645714285714285,ztfr,28.754642,0.1931016
6,7.645714285714285,ztfi,27.624401,0.20445684
6,7.844285714285713,ztfg,31.346878,0.17615187
6,7.844285714285713,ztfr,28.715075,0.1964438
6,7.844285714285713,ztfi,27.550913,0.20146176
6,8.042857142857143,ztfg,31.530746,0.17510207
6,8.042857142857143,ztfr,29.021614,0.19226037
6,8.042857142857143,ztfi,27.550772,0.20457591
6,8.241428571428571,ztfg,31.558805,0.17066789
6,8.241428571428571,ztfr,29.004839,0.18919061
6,8.241428571428571,ztfi,27.859167,0.208506
6,8.44,ztfg,31.767324,0.17643449
6,8.44,ztfr,29.511524,0.19586222
6,8.44,ztfi,27.826242,0.199375
6,8.638571428571428,ztfg,31.812387,0.17529106
6,8.638571428571428,ztfr,29.348846,0.1942618
6,8.638571428571428,ztfi,28.057703,0.2028256
6,8.837142857142856,ztfg,31.867552,0.17692928
6,8.837142857142856,ztfr,29.458836,0.19552967
6,8.837142857142856,ztfi,28.06435,0.206963
6,9.035714285714285,ztfg,31.994884,0.17612529
6,9.035714285714285,ztfr,29.493748,0.19599316
6,9.035714285714285,ztfi,28.107328,0.20066944
6,9.234285714285713,ztfg,32.181133,0.17038403
6,9.234285714285713,ztfr,29.490486,0.19241619
6,9.234285714285713,ztfi,28.04103,0.19819319
6,9.432857142857141,ztfg,32.525826,0.16557698
6,9.432857142857141,ztfr,29.767866,0.18685834
6,9.432857142857141,ztfi,28.049625,0.19934683
6,9.63142857142857,ztfg,32.4836,0.1662336
6,9.63142857142857,ztfr,29.950615,0.19484541
6,9.63142857142857,ztfi,28.240076,0.20182458
6,9.83,ztfg,32.467094,0.16716242
6,9.83,ztfr,29.986988,0.19659735
6,9.83,ztfi,28.462744,0.20081192
6,10.028571428571428,ztfg,32.790436,0.16686712
6,10.028571428571428,ztfr,29.84931,0.19088608
6,10.028571428571428,ztfi,28.459341,0.19887726
6,10.227142857142857,ztfg,32.828857,0.16283993
6,10.227142857142857,ztfr,30.278004,0.19460207
6,10.227142857142857,ztfi,28.374825,0.2034082
6,10.425714285714285,ztfg,32.929996,0.16170202
6,10.425714285714285,ztfr,30.019285,0.18461613
6,10.425714285714285,ztfi,28.681112,0.20327246
6,10.624285714285714,ztfg,33.209885,0.16072805
6,10.624285714285714,ztfr,30.3212,0.19196461
6,10.624285714285714,ztfi,28.744333,0.21285719
6,10.822857142857142,ztfg,33.42735,0.1708328
6,10.822857142857142,ztfr,30.558022,0.19120298
6,10.822857142857142,ztfi,28.63982,0.1984172
6,11.02142857142857,ztfg,33.39174,0.16285528
6,11.02142857142857,ztfr,30.307013,0.19075029
6,11.02142857142857,ztfi,28.833235,0.20285448
6,11.219999999999999,ztfg,33.390987,0.16181189
6,11.219999999999999,ztfr,30.486355,0.19066687
6,11.219999999999999,ztfi,28.866934,0.19737443
6,11.418571428571427,ztfg,33.578293,0.16527204
6,11.418571428571427,ztfr,30.70691,0.20214827
6,11.418571428571427,ztfi,28.83355,0.20378385
6,11.617142857142856,ztfg,33.65509,0.16604203
6,11.617142857142856,ztfr,30.653631,0.18981157
6,11.617142857142856,ztfi,29.076664,0.19854818
6,11.815714285714286,ztfg,33.846046,0.15918967
6,11.815714285714286,ztfr,30.659159,0.19052005
6,11.815714285714286,ztfi,29.153715,0.19997221
6,12.014285714285714,ztfg,33.91843,0.16799477
6,12.014285714285714,ztfr,30.851513,0.18933503
6,12.014285714285714,ztfi,29.199945,0.19722548
6,12.212857142857143,ztfg,34.050232,0.16692369
6,12.212857142857143,ztfr,30.746857,0.18849221
6,12.212857142857143,ztfi,29.38572,0.20567338
6,12.411428571428571,ztfg,33.978207,0.16401508
6,12.411428571428571,ztfr,31.126736,0.19788764
6,12.411428571428571,ztfi,29.16576,0.20624547
6,12.61,ztfg,34.110386,0.16257584
6,12.61,ztfr,31.019825,0.18905126
6,12.61,ztfi,29.238907,0.20429255
6,12.808571428571428,ztfg,34.434917,0.15617986
6,12.808571428571428,ztfr,31.415907,0.19972579
6,12.808571428571428,ztfi,29.487288,0.20562164
6,13.007142857142856,ztfg,34.610306,0.15220012
6,13.007142857142856,ztfr,31.199677,0.19829175
6,13.007142857142856,ztfi,29.558035,0.19883756
6,13.205714285714285,ztfg,34.543774,0.16346417
6,13.205714285714285,ztfr,31.344442,0.19514614
6,13.205714285714285,ztfi,29.546703,0.19711562
6,13.404285714285713,ztfg,34.710114,0.1560904
6,13.404285714285713,ztfr,31.52047,0.19291991
6,13.404285714285713,ztfi,29.984346,0.20076765
6,13.602857142857141,ztfg,34.84116,0.15976514
6,13.602857142857141,ztfr,31.486256,0.19870968
6,13.602857142857141,ztfi,29.726738,0.20620513
6,13.80142857142857,ztfg,34.785725,0.16324553
6,13.80142857142857,ztfr,31.649927,0.19509053
6,13.80142857142857,ztfi,29.879099,0.20472687
6,14.0,ztfg,35.018368,0.15654224
6,14.0,ztfr,31.81609,0.19079141
6,14.0,ztfi,29.93933,0.20285465
7,0.1,ztfg,27.441568,0.120511025
7,0.1,ztfr,26.127436,0.096280776
7,0.1,ztfi,25.797688,0.09609758
7,0.2985714285714286,ztfg,23.708286,0.10196755
7,0.2985714285714286,ztfr,23.276428,0.11007888
7,0.2985714285714286,ztfi,23.562687,0.12373919
7,0.4971428571428571,ztfg,22.694979,0.11424401
7,0.4971428571428571,ztfr,22.533646,0.11999959
7,0.4971428571428571,ztfi,22.833082,0.12719198
7,0.6957142857142856,ztfg,22.487854,0.111572415
7,0.6957142857142856,ztfr,21.729916,0.12500003
7,0.6957142857142856,ztfi,22.520247,0.12663175
7,0.8942857142857142,ztfg,22.25129,0.10899887
7,0.8942857142857142,ztfr,21.897142,0.1276262
7,0.8942857142857142,ztfi,22.15333,0.12997788
7,1.092857142857143,ztfg,22.369694,0.10372469
7,1.092857142857143,ztfr,21.898205,0.12749486
7,1.092857142857143,ztfi,22.23337,0.123572774
7,1.2914285714285714,ztfg,22.676916,0.102206744
7,1.2914285714285714,ztfr,21.9312,0.12933484
7,1.2914285714285714,ztfi,22.288383,0.12653935
7,1.49,ztfg,22.906273,0.10032751
7,1.49,ztfr,22.101612,0.12530082
7,1.49,ztfi,22.22687,0.12605363
7,1.6885714285714286,ztfg,23.07131,0.10590827
7,1.6885714285714286,ztfr,22.04,0.12527902
7,1.6885714285714286,ztfi,22.194967,0.12772147
7,1.8871428571428572,ztfg,23.498549,0.109537184
7,1.8871428571428572,ztfr,22.425451,0.122789495
7,1.8871428571428572,ztfi,22.306961,0.12430125
7,2.085714285714286,ztfg,23.763006,0.114687026
7,2.085714285714286,ztfr,22.671331,0.12519108
7,2.085714285714286,ztfi,22.335306,0.12108039
7,2.2842857142857143,ztfg,24.109684,0.11402652
7,2.2842857142857143,ztfr,22.976913,0.123634584
7,2.2842857142857143,ztfi,22.548939,0.123814486
7,2.4828571428571427,ztfg,24.478836,0.121104345
7,2.4828571428571427,ztfr,23.038612,0.12715435
7,2.4828571428571427,ztfi,22.640244,0.12633717
7,2.6814285714285715,ztfg,24.559425,0.12200089
7,2.6814285714285715,ztfr,23.21052,0.12717059
7,2.6814285714285715,ztfi,22.69403,0.13128442
7,2.88,ztfg,24.816805,0.12818332
7,2.88,ztfr,23.450546,0.12974471
7,2.88,ztfi,23.147884,0.12932134
7,3.0785714285714287,ztfg,25.17693,0.13036984
7,3.0785714285714287,ztfr,23.768864,0.13137498
7,3.0785714285714287,ztfi,23.17747,0.12791188
7,3.277142857142857,ztfg,25.431183,0.12899987
7,3.277142857142857,ztfr,23.927116,0.1276058
7,3.277142857142857,ztfi,23.12804,0.1328698
7,3.4757142857142855,ztfg,25.86996,0.12846577
7,3.4757142857142855,ztfr,24.056812,0.12823148
7,3.4757142857142855,ztfi,23.444773,0.13369475
7,3.6742857142857144,ztfg,25.98731,0.1285012
7,3.6742857142857144,ztfr,24.300043,0.1278677
7,3.6742857142857144,ztfi,23.458855,0.13309452
7,3.8728571428571428,ztfg,26.04992,0.13382398
7,3.8728571428571428,ztfr,24.463634,0.12851854
7,3.8728571428571428,ztfi,23.760239,0.13256039
7,4.071428571428571,ztfg,26.618086,0.13520601
7,4.071428571428571,ztfr,24.67359,0.12907809
7,4.071428571428571,ztfi,23.940693,0.13262181
7,4.27,ztfg,26.652641,0.13550358
7,4.27,ztfr,24.62618,0.13254683
7,4.27,ztfi,23.864967,0.13645437
7,4.468571428571428,ztfg,26.8237,0.14053187
7,4.468571428571428,ztfr,24.85707,0.13004516
7,4.468571428571428,ztfi,24.146318,0.1380511
7,4.667142857142856,ztfg,26.915863,0.13654251
7,4.667142857142856,ztfr,24.933552,0.13307482
7,4.667142857142856,ztfi,24.201002,0.13734038
7,4.865714285714285,ztfg,27.185698,0.13317595
7,4.865714285714285,ztfr,25.024885,0.13415562
7,4.865714285714285,ztfi,24.376822,0.13645385
7,5.064285714285714,ztfg,27.37914,0.14073338
7,5.064285714285714,ztfr,25.302774,0.13267949
7,5.064285714285714,ztfi,24.525288,0.14334413
7,5.2628571428571425,ztfg,27.499762,0.1335306
7,5.2628571428571425,ztfr,25.42942,0.1347604
7,5.2628571428571425,ztfi,24.48431,0.14129987
7,5.461428571428571,ztfg,27.805416,0.12926912
7,5.461428571428571,ztfr,25.522406,0.13489166
7,5.461428571428571,ztfi,24.495508,0.14220272
7,5.659999999999999,ztfg,27.902243,0.1324008
7,5.659999999999999,ztfr,25.705503,0.1339481
7,5.659999999999999,ztfi,24.607508,0.13824633
7,5.858571428571428,ztfg,28.121107,0.1311016
7,5.858571428571428,ztfr,25.695812,0.13318291
7,5.858571428571428,ztfi,24.641048,0.14387152
7,6.057142857142857,ztfg,28.263655,0.12877724
7,6.057142857142857,ztfr,25.98914,0.13395466
7,6.057142857142857,ztfi,24.840187,0.14222531
7,6.255714285714285,ztfg,28.624004,0.12937042
7,6.255714285714285,ztfr,26.09474,0.13289115
7,6.255714285714285,ztfi,25.024721,0.13765585
7,6.454285714285714,ztfg,28.669668,0.12325396
7,6.454285714285714,ztfr,26.135319,0.13548176
7,6.454285714285714,ztfi,25.151344,0.13988109
7,6.652857142857142,ztfg,28.674726,0.12817459
7,6.652857142857142,ztfr,26.344027,0.13473515
7,6.652857142857142,ztfi,25.234676,0.14204802
7,6.8514285714285705,ztfg,28.927378,0.13563788
7,6.8514285714285705,ztfr,26.578318,0.12996215
7,6.8514285714285705,ztfi,25.290682,0.1440641
7,7.05,ztfg,28.915937,0.12687476
7,7.05,ztfr,26.764914,0.13329163
7,7.05,ztfi,25.520315,0.13955894
7,7.248571428571428,ztfg,29.230173,0.1254676
7,7.248571428571428,ztfr,26.713821,0.13322239
7,7.248571428571428,ztfi,25.461964,0.13901278
7,7.447142857142857,ztfg,29.18648,0.12355148
7,7.447142857142857,ztfr,26.86086,0.13384421
7,7.447142857142857,ztfi,25.798054,0.1415154
7,7.645714285714285,ztfg,29.39283,0.12251118
7,7.645714285714285,ztfr,26.97447,0.1341365
7,7.645714285714285,ztfi,25.644407,0.14011768
7,7.844285714285713,ztfg,29.690273,0.118455626
7,7.844285714285713,ztfr,26.837383,0.13453989
7,7.844285714285713,ztfi,25.630274,0.1419431
7,8.042857142857143,ztfg,29.906559,0.12266884
7,8.042857142857143,ztfr,27.144129,0.13724616
7,8.042857142857143,ztfi,25.760546,0.13692814
7,8.241428571428571,ztfg,29.991812,0.118010655
7,8.241428571428571,ztfr,27.326794,0.12798679
7,8.241428571428571,ztfi,25.880596,0.1428828
7,8.44,ztfg,30.100407,0.1204842
7,8.44,ztfr,27.55668,0.13851061
7,8.44,ztfi,25.924837,0.14196676
7,8.638571428571428,ztfg,30.316046,0.11587072
7,8.638571428571428,ztfr,27.43928,0.13639283
7,8.638571428571428,ztfi,26.066034,0.14392316
7,8.837142857142856,ztfg,30.283045,0.11742844
7,8.837142857142856,ztfr,27.604725,0.13577607
7,8.837142857142856,ztfi,26.225967,0.14132886
7,9.035714285714285,ztfg,30.522142,0.11627775
7,9.035714285714285,ztfr,27.749825,0.13335614
7,9.035714285714285,ztfi,26.21203,0.13972998
7,9.234285714285713,ztfg,30.661945,0.11451221
7,9.234285714285713,ztfr,27.729946,0.13317688
7,9.234285714285713,ztfi,26.305218,0.1373901
7,9.432857142857141,ztfg,30.861805,0.11814323
7,9.432857142857141,ztfr,28.039942,0.12965463
7,9.432857142857141,ztfi,26.288305,0.13684335
7,9.63142857142857,ztfg,31.00779,0.11228274
7,9.63142857142857,ztfr,28.111214,0.13516021
7,9.63142857142857,ztfi,26.489096,0.13609488
7,9.83,ztfg,30.897814,0.11587545
7,9.83,ztfr,28.257498,0.13219081
7,9.83,ztfi,26.666113,0.13841139
7,10.028571428571428,ztfg,31.287748,0.11242911
7,10.028571428571428,ztfr,28.188347,0.12822887
7,10.028571428571428,ztfi,26.696898,0.137146
7,10.227142857142857,ztfg,31.306746,0.110297516
7,10.227142857142857,ztfr,28.48204,0.13372351
7,10.227142857142857,ztfi,26.681831,0.13546893
7,10.425714285714285,ztfg,31.406088,0.108774334
7,10.425714285714285,ztfr,28.268444,0.13234381
7,10.425714285714285,ztfi,26.802572,0.13998878
7,10.624285714285714,ztfg,31.635191,0.109303616
7,10.624285714285714,ztfr,28.59222,0.13058314
7,10.624285714285714,ztfi,26.89747,0.14135376
7,10.822857142857142,ztfg,31.820143,0.11323232
7,10.822857142857142,ztfr,28.838404,0.13262734
7,10.822857142857142,ztfi,26.843714,0.13718109
7,11.02142857142857,ztfg,32.025818,0.106398776
7,11.02142857142857,ztfr,28.648571,0.13087422
7,11.02142857142857,ztfi,27.029112,0.14109848
7,11.219999999999999,ztfg,31.977165,0.110179834
7,11.219999999999999,ztfr,28.756987,0.13075265
7,11.219999999999999,ztfi,27.085705,0.13885736
7,11.418571428571427,ztfg,32.022594,0.113349326
7,11.418571428571427,ztfr,28.892735,0.13335562
7,11.418571428571427,ztfi,27.009787,0.14124684
7,11.617142857142856,ztfg,32.319897,0.10768477
7,11.617142857142856,ztfr,28.936468,0.13257098
7,11.617142857142856,ztfi,27.27778,0.13904618
7,11.815714285714286,ztfg,32.48301,0.1074714
7,11.815714285714286,ztfr,28.950985,0.13230224
7,11.815714285714286,ztfi,27.35488,0.1382115
7,12.014285714285714,ztfg,32.409016,0.111068994
7,12.014285714285714,ztfr,29.193262,0.13129696
7,12.014285714285714,ztfi,27.481783,0.13843581
7,12.212857142857143,ztfg,32.589725,0.10879412
7,12.212857142857143,ztfr,29.247478,0.12757683
7,12.212857142857143,ztfi,27.512503,0.14185204
7,12.411428571428571,ztfg,32.656578,0.10626934
7,12.411428571428571,ztfr,29.417456,0.1318499
7,12.411428571428571,ztfi,27.34024,0.1390296
7,12.61,ztfg,32.718414,0.108223274
7,12.61,ztfr,29.352795,0.13072577
7,12.61,ztfi,27.50593,0.1382492
7,12.808571428571428,ztfg,33.02508,0.107110694
7,12.808571428571428,ztfr,29.6957,0.13352256
7,12.808571428571428,ztfi,27.712864,0.13989885
7,13.007142857142856,ztfg,33.17197,0.106359504
7,13.007142857142856,ztfr,29.559679,0.1298901
7,13.007142857142856,ztfi,27.756752,0.13888715
7,13.205714285714285,ztfg,33.17767,0.107727736
7,13.205714285714285,ztfr,29.670877,0.13057746
7,13.205714285714285,ztfi,27.841354,0.13633744
7,13.404285714285713,ztfg,33.3533,0.103900954
7,13.404285714285713,ztfr,29.879826,0.13144818
7,13.404285714285713,ztfi,28.257713,0.13866445
7,13.602857142857141,ztfg,33.38199,0.10832957
7,13.602857142857141,ztfr,29.74548,0.13406006
7,13.602857142857141,ztfi,27.99865,0.13834944
7,13.80142857142857,ztfg,33.401024,0.10428967
7,13.80142857142857,ztfr,29.98426,0.13127199
7,13.80142857142857,ztfi,28.080294,0.13946019
7,14.0,ztfg,33.578518,0.10678426
7,14.0,ztfr,30.173605,0.13295193
7,14.0,ztfi,28.110943,0.14469638
